timestamp,unit_id,unit_type,empire_or_resistance,location_x,location_y,destination_x,destination_y,homeworld
2024-07-11 09:58:43,1,at-st,resistance,4,5,6,10,Cerea
2024-07-11 09:58:42,2,at-st,resistance,8,5,4,4,Aleen Minor
2024-07-11 09:58:41,3,tie_fighter,resistance,6,2,5,8,Malastare
2024-07-11 09:58:40,4,tie_silencer,empire,1,1,3,8,Cerea
2024-07-11 09:58:39,5,tie_silencer,empire,6,3,4,8,Bestine IV
2024-07-11 09:58:38,6,at-st,empire,6,7,6,2,Mirial
2024-07-11 09:58:37,7,tie_fighter,resistance,10,4,5,8,Corellia
2024-07-11 09:58:36,8,tie_fighter,resistance,5,6,6,8,Corellia
2024-07-11 09:58:35,9,x-wing,empire,7,2,9,8,Troiken
2024-07-11 09:58:34,10,resistance_soldier,resistance,4,6,3,9,Muunilinst
2024-07-11 09:58:33,11,unknown,empire,1,4,10,1,Serenno
2024-07-11 09:58:32,12,unknown,resistance,5,10,3,9,Serenno
2024-07-11 09:58:31,13,tie_fighter,resistance,4,1,2,3,Naboo
2024-07-11 09:58:30,14,x-wing,resistance,5,8,6,3,Corellia
2024-07-11 09:58:29,15,at-at,empire,6,1,5,2,Dagobah
2024-07-11 09:58:28,16,at-st,empire,2,7,1,4,Quermia
2024-07-11 09:58:27,17,tie_fighter,resistance,10,9,4,9,Dagobah
2024-07-11 09:58:26,18,at-at,empire,3,10,4,3,Aleen Minor
2024-07-11 09:58:25,19,tie_silencer,resistance,1,8,3,10,Corellia
2024-07-11 09:58:24,20,at-at,resistance,7,5,5,5,Tund
2024-07-11 09:58:23,21,tie_silencer,empire,8,4,3,1,Malastare
2024-07-11 09:58:22,22,at-st,resistance,4,5,4,4,Cerea
2024-07-11 09:58:21,23,resistance_soldier,resistance,2,7,10,4,Mirial
2024-07-11 09:58:20,24,unknown,empire,4,4,7,4,Concord Dawn
2024-07-11 09:58:19,25,at-st,resistance,5,2,6,6,Tund
2024-07-11 09:58:18,26,x-wing,empire,7,1,1,10,Dorin
2024-07-11 09:58:17,27,at-st,empire,1,3,6,4,Concord Dawn
2024-07-11 09:58:16,28,tie_fighter,resistance,10,4,8,9,Concord Dawn
2024-07-11 09:58:15,29,at-at,resistance,3,10,3,9,Serenno
2024-07-11 09:58:14,30,unknown,empire,2,3,1,3,Naboo
2024-07-11 09:58:13,31,at-st,resistance,7,2,2,3,Mon Cala
2024-07-11 09:58:12,32,at-at,resistance,3,1,7,9,Toydaria
2024-07-11 09:58:11,33,at-at,resistance,10,8,7,3,Dathomir
2024-07-11 09:58:10,34,at-st,empire,1,8,5,4,Iktotch
2024-07-11 09:58:09,35,x-wing,resistance,6,8,10,8,Concord Dawn
2024-07-11 09:58:08,36,tie_fighter,resistance,7,6,4,1,Alderaan
2024-07-11 09:58:07,37,tie_fighter,resistance,4,4,4,9,Socorro
2024-07-11 09:58:06,38,stormtrooper,empire,5,5,5,9,Champala
2024-07-11 09:58:05,39,unknown,resistance,6,8,3,3,Stewjon
2024-07-11 09:58:04,40,tie_fighter,resistance,6,8,6,9,Rodia
2024-07-11 09:58:03,41,at-at,resistance,10,2,7,7,Malastare
2024-07-11 09:58:02,42,stormtrooper,resistance,6,10,2,6,Naboo
2024-07-11 09:58:01,43,resistance_soldier,resistance,8,1,7,1,Eriadu
2024-07-11 09:58:00,44,stormtrooper,resistance,9,6,10,1,Iktotch
2024-07-11 09:57:59,45,at-at,empire,8,1,9,6,Stewjon
2024-07-11 09:57:58,46,tie_silencer,resistance,9,9,8,2,Stewjon
2024-07-11 09:57:57,47,x-wing,resistance,7,2,10,4,Sullust
2024-07-11 09:57:56,48,unknown,empire,1,3,10,8,Trandosha
2024-07-11 09:57:55,49,at-st,resistance,2,5,8,5,Naboo
2024-07-11 09:57:54,50,at-st,empire,4,6,3,8,Zolan
2024-07-11 09:57:53,51,unknown,resistance,6,3,7,10,Stewjon
2024-07-11 09:57:52,52,tie_fighter,empire,3,2,1,1,Troiken
2024-07-11 09:57:51,53,unknown,resistance,1,8,2,6,Sullust
2024-07-11 09:57:50,54,at-at,resistance,2,7,3,7,Dathomir
2024-07-11 09:57:49,55,resistance_soldier,resistance,8,4,3,1,Muunilinst
2024-07-11 09:57:48,56,tie_fighter,empire,6,5,1,10,Kashyyyk
2024-07-11 09:57:47,57,x-wing,resistance,4,10,9,9,Naboo
2024-07-11 09:57:46,58,stormtrooper,empire,8,3,6,2,Trandosha
2024-07-11 09:57:45,59,x-wing,resistance,1,1,2,4,Naboo
2024-07-11 09:57:44,60,unknown,resistance,5,1,6,1,Glee Anselm
2024-07-11 09:57:43,61,resistance_soldier,resistance,8,6,4,9,Toydaria
2024-07-11 09:57:42,62,unknown,resistance,8,4,8,6,Toydaria
2024-07-11 09:57:41,63,resistance_soldier,resistance,1,1,1,5,Serenno
2024-07-11 09:57:40,64,unknown,resistance,10,9,8,5,Vulpter
2024-07-11 09:57:39,65,resistance_soldier,resistance,2,4,1,3,Troiken
2024-07-11 09:57:38,66,at-st,empire,6,4,4,1,Ojom
2024-07-11 09:57:37,67,tie_fighter,empire,9,4,4,1,Sullust
2024-07-11 09:57:36,68,at-at,empire,5,1,3,5,Bestine IV
2024-07-11 09:57:35,69,stormtrooper,resistance,3,4,2,10,Kalee
2024-07-11 09:57:34,70,resistance_soldier,empire,9,2,5,6,Glee Anselm
2024-07-11 09:57:33,71,unknown,resistance,4,6,7,5,Stewjon
2024-07-11 09:57:32,72,at-st,resistance,9,3,10,5,Vulpter
2024-07-11 09:57:31,73,unknown,empire,9,2,10,8,Dorin
2024-07-11 09:57:30,74,x-wing,resistance,10,2,1,10,Eriadu
2024-07-11 09:57:29,75,stormtrooper,resistance,4,6,6,9,Tatooine
2024-07-11 09:57:28,76,resistance_soldier,resistance,1,10,6,4,Socorro
2024-07-11 09:57:27,77,tie_fighter,resistance,7,2,7,10,Iridonia
2024-07-11 09:57:26,78,stormtrooper,empire,7,5,2,6,Corellia
2024-07-11 09:57:25,79,tie_silencer,resistance,7,3,4,6,Troiken
2024-07-11 09:57:24,80,unknown,empire,2,8,4,6,Zolan
2024-07-11 09:57:23,81,at-at,resistance,5,3,8,9,Glee Anselm
2024-07-11 09:57:22,82,resistance_soldier,resistance,1,6,1,10,Dorin
2024-07-11 09:57:21,83,tie_fighter,empire,8,10,2,5,Naboo
2024-07-11 09:57:20,84,stormtrooper,resistance,5,8,6,4,Troiken
2024-07-11 09:57:19,85,at-st,resistance,10,2,7,9,Quermia
2024-07-11 09:57:18,86,at-st,resistance,5,6,9,9,Sullust
2024-07-11 09:57:17,87,at-at,resistance,4,4,3,1,Ryloth
2024-07-11 09:57:16,88,at-st,empire,10,6,7,5,Eriadu
2024-07-11 09:57:15,89,x-wing,empire,5,8,10,8,Serenno
2024-07-11 09:57:14,90,tie_silencer,empire,8,3,8,4,Champala
2024-07-11 09:57:13,91,tie_fighter,empire,5,7,6,4,Umbara
2024-07-11 09:57:12,92,unknown,resistance,3,7,2,10,Shili
2024-07-11 09:57:11,93,unknown,resistance,1,5,3,5,Ryloth
2024-07-11 09:57:10,94,unknown,resistance,5,2,10,4,Dorin
2024-07-11 09:57:09,95,tie_fighter,resistance,2,2,3,10,Mirial
2024-07-11 09:57:08,96,resistance_soldier,empire,6,10,7,10,Cerea
2024-07-11 09:57:07,97,x-wing,resistance,10,3,2,2,Mirial
2024-07-11 09:57:06,98,stormtrooper,resistance,6,4,7,1,Haruun Kal
2024-07-11 09:57:05,99,at-st,resistance,9,6,7,8,Kalee
2024-07-11 09:57:04,100,resistance_soldier,resistance,5,5,8,9,Eriadu
2024-07-11 09:57:03,101,tie_fighter,empire,9,9,1,9,Ojom
2024-07-11 09:57:02,102,at-st,resistance,3,6,3,1,Quermia
2024-07-11 09:57:01,103,x-wing,empire,4,3,2,9,Bestine IV
2024-07-11 09:57:00,104,tie_fighter,empire,8,10,2,3,Alderaan
2024-07-11 09:56:59,105,at-at,resistance,2,10,3,5,Kashyyyk
2024-07-11 09:56:58,106,stormtrooper,resistance,1,10,10,5,Champala
2024-07-11 09:56:57,107,at-at,empire,7,6,10,7,Mon Cala
2024-07-11 09:56:56,108,stormtrooper,resistance,3,9,5,9,Naboo
2024-07-11 09:56:55,109,x-wing,resistance,7,4,3,9,Ryloth
2024-07-11 09:56:54,110,at-st,resistance,6,10,2,9,Dorin
2024-07-11 09:56:53,111,at-st,resistance,7,5,6,5,Muunilinst
2024-07-11 09:56:52,112,tie_silencer,resistance,2,5,2,3,Mirial
2024-07-11 09:56:51,113,resistance_soldier,empire,8,1,6,9,Tatooine
2024-07-11 09:56:50,114,at-at,resistance,3,4,4,4,Bestine IV
2024-07-11 09:56:49,115,at-at,empire,6,5,4,10,Alderaan
2024-07-11 09:56:48,116,at-st,resistance,2,9,7,2,Kashyyyk
2024-07-11 09:56:47,117,at-st,resistance,6,1,3,3,Shili
2024-07-11 09:56:46,118,at-at,empire,9,10,5,1,Glee Anselm
2024-07-11 09:56:45,119,at-st,resistance,6,3,1,5,Iktotch
2024-07-11 09:56:44,120,x-wing,empire,3,3,4,7,Dorin
2024-07-11 09:56:43,121,tie_silencer,empire,3,6,8,6,Serenno
2024-07-11 09:56:42,122,stormtrooper,empire,5,2,2,4,Cerea
2024-07-11 09:56:41,123,at-st,resistance,2,3,1,7,Trandosha
2024-07-11 09:56:40,124,at-st,resistance,3,4,5,2,Tund
2024-07-11 09:56:39,125,unknown,resistance,8,6,6,1,Eriadu
2024-07-11 09:56:38,126,at-at,empire,2,5,5,6,Champala
2024-07-11 09:56:37,127,stormtrooper,empire,10,7,6,2,Aleen Minor
2024-07-11 09:56:36,128,unknown,resistance,10,3,8,2,Ojom
2024-07-11 09:56:35,129,at-st,resistance,4,9,4,9,Quermia
2024-07-11 09:56:34,130,unknown,empire,7,2,9,5,Umbara
2024-07-11 09:56:33,131,unknown,empire,2,2,9,9,Trandosha
2024-07-11 09:56:32,132,at-st,empire,4,1,4,3,Bestine IV
2024-07-11 09:56:31,133,unknown,empire,3,10,4,8,Quermia
2024-07-11 09:56:30,134,tie_silencer,resistance,9,6,3,4,Toydaria
2024-07-11 09:56:29,135,at-st,empire,3,9,5,5,Naboo
2024-07-11 09:56:28,136,tie_fighter,resistance,1,10,8,8,Dorin
2024-07-11 09:56:27,137,at-st,resistance,2,9,9,7,Concord Dawn
2024-07-11 09:56:26,138,tie_fighter,resistance,10,2,10,4,Iktotch
2024-07-11 09:56:25,139,tie_silencer,resistance,8,9,3,2,Tatooine
2024-07-11 09:56:24,140,stormtrooper,empire,4,5,5,3,Quermia
2024-07-11 09:56:23,141,tie_silencer,resistance,10,5,10,2,Ryloth
2024-07-11 09:56:22,142,resistance_soldier,resistance,2,6,4,10,Concord Dawn
2024-07-11 09:56:21,143,at-st,resistance,7,1,4,6,Cerea
2024-07-11 09:56:20,144,at-at,empire,9,1,5,5,Mirial
2024-07-11 09:56:19,145,tie_fighter,empire,8,2,1,7,Ryloth
2024-07-11 09:56:18,146,at-at,empire,5,10,10,1,Troiken
2024-07-11 09:56:17,147,unknown,resistance,2,4,6,3,Shili
2024-07-11 09:56:16,148,x-wing,resistance,9,3,3,1,Tund
2024-07-11 09:56:15,149,unknown,resistance,8,1,2,1,Champala
2024-07-11 09:56:14,150,unknown,empire,7,6,4,3,Kalee
2024-07-11 09:56:13,151,x-wing,resistance,9,6,1,3,Ojom
2024-07-11 09:56:12,152,unknown,resistance,2,4,3,10,Skako
2024-07-11 09:56:11,153,tie_fighter,resistance,9,3,10,2,Ryloth
2024-07-11 09:56:10,154,tie_silencer,resistance,9,7,9,10,Aleen Minor
2024-07-11 09:56:09,155,resistance_soldier,resistance,9,3,6,8,Iktotch
2024-07-11 09:56:08,156,stormtrooper,empire,2,2,7,1,Muunilinst
2024-07-11 09:56:07,157,unknown,empire,10,8,10,2,Umbara
2024-07-11 09:56:06,158,tie_fighter,resistance,8,3,2,4,Tund
2024-07-11 09:56:05,159,unknown,resistance,1,1,4,4,Tatooine
2024-07-11 09:56:04,160,tie_silencer,empire,10,9,3,2,Bestine IV
2024-07-11 09:56:03,161,tie_fighter,empire,5,9,2,2,Shili
2024-07-11 09:56:02,162,unknown,resistance,2,1,5,10,Troiken
2024-07-11 09:56:01,163,at-st,resistance,5,9,5,3,Dorin
2024-07-11 09:56:00,164,tie_silencer,empire,4,3,4,8,Alderaan
2024-07-11 09:55:59,165,at-st,empire,6,1,7,1,Vulpter
2024-07-11 09:55:58,166,stormtrooper,empire,6,10,8,2,Mon Cala
2024-07-11 09:55:57,167,at-at,resistance,5,7,5,6,Naboo
2024-07-11 09:55:56,168,unknown,resistance,5,3,9,9,Cerea
2024-07-11 09:55:55,169,resistance_soldier,resistance,8,10,9,10,Rodia
2024-07-11 09:55:54,170,at-at,resistance,5,9,5,1,Tatooine
2024-07-11 09:55:53,171,at-at,resistance,2,3,1,8,Corellia
2024-07-11 09:55:52,172,tie_silencer,empire,10,2,9,4,Shili
2024-07-11 09:55:51,173,resistance_soldier,resistance,10,1,2,5,Rodia
2024-07-11 09:55:50,174,at-at,empire,5,6,4,6,Tholoth
2024-07-11 09:55:49,175,tie_silencer,resistance,6,8,2,1,Iridonia
2024-07-11 09:55:48,176,unknown,empire,4,1,5,9,Mirial
2024-07-11 09:55:47,177,at-st,resistance,10,10,7,6,Aleen Minor
2024-07-11 09:55:46,178,resistance_soldier,resistance,6,10,10,2,Serenno
2024-07-11 09:55:45,179,stormtrooper,empire,2,5,9,6,Zolan
2024-07-11 09:55:44,180,tie_silencer,resistance,3,2,5,2,Dathomir
2024-07-11 09:55:43,181,tie_fighter,empire,2,1,1,9,Mirial
2024-07-11 09:55:42,182,stormtrooper,empire,2,2,2,4,Tund
2024-07-11 09:55:41,183,resistance_soldier,resistance,5,9,7,2,Dathomir
2024-07-11 09:55:40,184,stormtrooper,resistance,9,10,4,3,Iktotch
2024-07-11 09:55:39,185,resistance_soldier,empire,2,8,7,5,Tund
2024-07-11 09:55:38,186,x-wing,empire,6,3,9,4,Toydaria
2024-07-11 09:55:37,187,tie_silencer,empire,10,2,4,8,Tund
2024-07-11 09:55:36,188,tie_silencer,empire,2,9,6,10,Dorin
2024-07-11 09:55:35,189,at-st,empire,3,5,1,6,Vulpter
2024-07-11 09:55:34,190,tie_silencer,resistance,6,8,3,9,Aleen Minor
2024-07-11 09:55:33,191,at-st,resistance,7,6,3,7,Dagobah
2024-07-11 09:55:32,192,at-at,resistance,7,2,2,3,Champala
2024-07-11 09:55:31,193,unknown,empire,3,5,4,9,Dagobah
2024-07-11 09:55:30,194,unknown,empire,1,10,4,5,Chandrila
2024-07-11 09:55:29,195,x-wing,empire,1,1,3,4,Quermia
2024-07-11 09:55:28,196,at-at,empire,5,7,5,6,Alderaan
2024-07-11 09:55:27,197,resistance_soldier,empire,4,1,7,7,Haruun Kal
2024-07-11 09:55:26,198,unknown,empire,8,7,1,6,Bestine IV
2024-07-11 09:55:25,199,tie_silencer,empire,3,8,1,9,Dathomir
2024-07-11 09:55:24,200,tie_fighter,empire,10,7,8,5,Mon Cala
2024-07-11 09:55:23,201,tie_silencer,resistance,6,7,8,2,Aleen Minor
2024-07-11 09:55:22,202,resistance_soldier,empire,4,4,1,2,Dathomir
2024-07-11 09:55:21,203,resistance_soldier,resistance,9,9,1,4,Alderaan
2024-07-11 09:55:20,204,at-at,empire,4,2,9,6,Aleen Minor
2024-07-11 09:55:19,205,tie_silencer,resistance,4,10,1,9,Skako
2024-07-11 09:55:18,206,x-wing,empire,7,2,6,1,Tund
2024-07-11 09:55:17,207,at-st,resistance,4,10,3,10,Malastare
2024-07-11 09:55:16,208,resistance_soldier,empire,7,10,6,6,Chandrila
2024-07-11 09:55:15,209,tie_fighter,empire,5,6,1,2,Tatooine
2024-07-11 09:55:14,210,tie_fighter,resistance,3,10,9,5,Kalee
2024-07-11 09:55:13,211,stormtrooper,resistance,10,2,1,4,Vulpter
2024-07-11 09:55:12,212,stormtrooper,empire,1,9,10,8,Naboo
2024-07-11 09:55:11,213,resistance_soldier,resistance,1,5,4,7,Mirial
2024-07-11 09:55:10,214,at-at,resistance,3,3,4,6,Zolan
2024-07-11 09:55:09,215,at-at,resistance,7,2,8,3,Concord Dawn
2024-07-11 09:55:08,216,unknown,resistance,8,8,1,2,Malastare
2024-07-11 09:55:07,217,resistance_soldier,resistance,5,2,4,9,Troiken
2024-07-11 09:55:06,218,at-st,empire,6,8,6,8,Umbara
2024-07-11 09:55:05,219,tie_fighter,resistance,10,3,1,2,Cerea
2024-07-11 09:55:04,220,unknown,resistance,2,2,3,4,Tatooine
2024-07-11 09:55:03,221,x-wing,resistance,2,4,6,3,Concord Dawn
2024-07-11 09:55:02,222,x-wing,resistance,1,1,1,7,Muunilinst
2024-07-11 09:55:01,223,at-st,empire,9,4,6,3,Aleen Minor
2024-07-11 09:55:00,224,tie_fighter,resistance,6,5,3,5,Tund
2024-07-11 09:54:59,225,stormtrooper,resistance,4,4,6,1,Champala
2024-07-11 09:54:58,226,stormtrooper,resistance,2,2,2,3,Corellia
2024-07-11 09:54:57,227,unknown,empire,6,8,4,4,Tund
2024-07-11 09:54:56,228,at-st,empire,2,7,6,8,Bestine IV
2024-07-11 09:54:55,229,tie_fighter,empire,4,2,10,1,Rodia
2024-07-11 09:54:54,230,tie_silencer,empire,7,8,4,7,Ryloth
2024-07-11 09:54:53,231,resistance_soldier,resistance,6,5,4,4,Quermia
2024-07-11 09:54:52,232,stormtrooper,empire,10,3,2,3,Bestine IV
2024-07-11 09:54:51,233,unknown,empire,10,2,1,3,Iridonia
2024-07-11 09:54:50,234,stormtrooper,empire,7,7,8,10,Naboo
2024-07-11 09:54:49,235,at-st,resistance,4,6,10,6,Dagobah
2024-07-11 09:54:48,236,x-wing,resistance,2,6,7,9,Iridonia
2024-07-11 09:54:47,237,stormtrooper,resistance,8,10,10,6,Chandrila
2024-07-11 09:54:46,238,x-wing,resistance,9,8,5,6,Toydaria
2024-07-11 09:54:45,239,tie_fighter,empire,4,6,2,9,Trandosha
2024-07-11 09:54:44,240,stormtrooper,empire,4,7,10,6,Quermia
2024-07-11 09:54:43,241,at-st,resistance,2,9,2,7,Shili
2024-07-11 09:54:42,242,unknown,empire,10,7,2,7,Socorro
2024-07-11 09:54:41,243,at-at,resistance,10,4,5,1,Muunilinst
2024-07-11 09:54:40,244,at-at,empire,2,7,6,3,Iktotch
2024-07-11 09:54:39,245,x-wing,empire,5,9,5,6,Naboo
2024-07-11 09:54:38,246,tie_silencer,resistance,9,2,2,4,Shili
2024-07-11 09:54:37,247,at-at,empire,2,10,8,6,Toydaria
2024-07-11 09:54:36,248,tie_silencer,resistance,1,1,7,1,Serenno
2024-07-11 09:54:35,249,tie_silencer,empire,7,8,6,6,Haruun Kal
2024-07-11 09:54:34,250,resistance_soldier,resistance,9,7,9,4,Tholoth
2024-07-11 09:54:33,251,tie_silencer,resistance,2,1,6,1,Sullust
2024-07-11 09:54:32,252,at-at,empire,1,9,6,4,Ojom
2024-07-11 09:54:31,253,resistance_soldier,resistance,10,6,6,3,Troiken
2024-07-11 09:54:30,254,unknown,empire,5,9,2,5,Serenno
2024-07-11 09:54:29,255,at-at,empire,2,1,1,8,Skako
2024-07-11 09:54:28,256,x-wing,resistance,1,9,7,2,Kashyyyk
2024-07-11 09:54:27,257,tie_silencer,empire,5,3,6,7,Malastare
2024-07-11 09:54:26,258,tie_fighter,empire,7,9,7,7,Umbara
2024-07-11 09:54:25,259,at-st,empire,1,2,2,5,Bestine IV
2024-07-11 09:54:24,260,stormtrooper,resistance,6,6,10,4,Haruun Kal
2024-07-11 09:54:23,261,stormtrooper,resistance,1,2,10,6,Dorin
2024-07-11 09:54:22,262,tie_silencer,empire,9,8,9,4,Glee Anselm
2024-07-11 09:54:21,263,resistance_soldier,resistance,3,1,5,6,Eriadu
2024-07-11 09:54:20,264,at-st,empire,8,3,3,5,Tatooine
2024-07-11 09:54:19,265,tie_silencer,empire,8,8,3,1,Trandosha
2024-07-11 09:54:18,266,stormtrooper,resistance,4,1,8,5,Dathomir
2024-07-11 09:54:17,267,resistance_soldier,resistance,7,2,3,4,Corellia
2024-07-11 09:54:16,268,resistance_soldier,empire,5,6,8,9,Mon Cala
2024-07-11 09:54:15,269,unknown,empire,6,1,7,2,Serenno
2024-07-11 09:54:14,270,at-at,resistance,10,3,2,9,Naboo
2024-07-11 09:54:13,271,at-at,empire,1,2,5,10,Alderaan
2024-07-11 09:54:12,272,tie_fighter,resistance,6,2,7,6,Dagobah
2024-07-11 09:54:11,273,tie_silencer,empire,10,7,1,1,Umbara
2024-07-11 09:54:10,274,tie_fighter,resistance,9,5,9,7,Tund
2024-07-11 09:54:09,275,x-wing,resistance,3,9,4,10,Concord Dawn
2024-07-11 09:54:08,276,tie_fighter,resistance,6,4,6,5,Ryloth
2024-07-11 09:54:07,277,at-at,empire,6,9,8,2,Kashyyyk
2024-07-11 09:54:06,278,at-st,empire,2,5,6,10,Iktotch
2024-07-11 09:54:05,279,unknown,empire,6,2,10,7,Bestine IV
2024-07-11 09:54:04,280,at-st,empire,8,9,2,7,Aleen Minor
2024-07-11 09:54:03,281,tie_silencer,resistance,6,2,8,2,Dathomir
2024-07-11 09:54:02,282,at-st,resistance,4,9,4,2,Toydaria
2024-07-11 09:54:01,283,resistance_soldier,empire,1,3,3,9,Cerea
2024-07-11 09:54:00,284,x-wing,resistance,8,10,1,3,Malastare
2024-07-11 09:53:59,285,at-at,resistance,2,1,10,5,Muunilinst
2024-07-11 09:53:58,286,unknown,resistance,6,3,8,1,Champala
2024-07-11 09:53:57,287,resistance_soldier,resistance,6,5,2,8,Skako
2024-07-11 09:53:56,288,at-at,resistance,5,4,3,9,Kalee
2024-07-11 09:53:55,289,tie_fighter,empire,1,1,9,8,Malastare
2024-07-11 09:53:54,290,unknown,empire,4,4,2,8,Tund
2024-07-11 09:53:53,291,at-st,empire,2,3,6,9,Quermia
2024-07-11 09:53:52,292,at-at,empire,4,2,5,1,Sullust
2024-07-11 09:53:51,293,at-at,resistance,10,2,4,6,Ojom
2024-07-11 09:53:50,294,unknown,empire,1,1,10,3,Socorro
2024-07-11 09:53:49,295,at-at,resistance,8,3,2,10,Stewjon
2024-07-11 09:53:48,296,stormtrooper,resistance,5,9,9,4,Corellia
2024-07-11 09:53:47,297,unknown,empire,7,3,2,9,Ryloth
2024-07-11 09:53:46,298,unknown,empire,10,8,4,2,Alderaan
2024-07-11 09:53:45,299,x-wing,resistance,10,9,9,3,Cerea
2024-07-11 09:53:44,300,at-st,resistance,5,4,3,9,Toydaria
2024-07-11 09:53:43,301,resistance_soldier,resistance,1,2,5,1,Zolan
2024-07-11 09:53:42,302,unknown,empire,5,8,10,8,Iridonia
2024-07-11 09:53:41,303,resistance_soldier,empire,6,2,6,3,Naboo
2024-07-11 09:53:40,304,at-st,resistance,9,9,7,7,Glee Anselm
2024-07-11 09:53:39,305,at-at,resistance,2,6,6,9,Tund
2024-07-11 09:53:38,306,unknown,resistance,1,9,3,1,Troiken
2024-07-11 09:53:37,307,at-st,empire,5,1,4,9,Dathomir
2024-07-11 09:53:36,308,resistance_soldier,resistance,7,6,2,4,Dorin
2024-07-11 09:53:35,309,unknown,empire,3,1,10,8,Iridonia
2024-07-11 09:53:34,310,tie_fighter,resistance,9,5,9,2,Trandosha
2024-07-11 09:53:33,311,resistance_soldier,resistance,2,5,7,7,Haruun Kal
2024-07-11 09:53:32,312,x-wing,empire,3,1,5,8,Shili
2024-07-11 09:53:31,313,at-at,empire,10,1,2,5,Dorin
2024-07-11 09:53:30,314,tie_silencer,resistance,6,2,6,2,Shili
2024-07-11 09:53:29,315,tie_fighter,empire,2,1,3,2,Chandrila
2024-07-11 09:53:28,316,at-at,empire,1,9,8,10,Tatooine
2024-07-11 09:53:27,317,resistance_soldier,resistance,4,4,10,5,Toydaria
2024-07-11 09:53:26,318,resistance_soldier,resistance,1,7,5,9,Cerea
2024-07-11 09:53:25,319,tie_silencer,empire,4,10,5,2,Tatooine
2024-07-11 09:53:24,320,resistance_soldier,empire,10,3,8,4,Muunilinst
2024-07-11 09:53:23,321,unknown,empire,7,4,2,8,Dathomir
2024-07-11 09:53:22,322,at-st,resistance,1,4,2,6,Haruun Kal
2024-07-11 09:53:21,323,unknown,empire,9,4,8,7,Kashyyyk
2024-07-11 09:53:20,324,unknown,resistance,3,4,10,1,Sullust
2024-07-11 09:53:19,325,tie_fighter,empire,6,2,9,10,Troiken
2024-07-11 09:53:18,326,at-at,resistance,4,1,8,7,Dathomir
2024-07-11 09:53:17,327,at-at,resistance,7,8,6,7,Tund
2024-07-11 09:53:16,328,unknown,empire,8,7,4,3,Skako
2024-07-11 09:53:15,329,resistance_soldier,resistance,7,1,3,6,Champala
2024-07-11 09:53:14,330,tie_fighter,empire,2,10,10,9,Iridonia
2024-07-11 09:53:13,331,resistance_soldier,empire,10,10,5,7,Naboo
2024-07-11 09:53:12,332,unknown,resistance,9,3,10,5,Socorro
2024-07-11 09:53:11,333,unknown,empire,7,6,5,9,Cerea
2024-07-11 09:53:10,334,at-at,resistance,4,8,1,7,Quermia
2024-07-11 09:53:09,335,stormtrooper,resistance,6,8,4,8,Chandrila
2024-07-11 09:53:08,336,stormtrooper,empire,2,5,9,3,Iktotch
2024-07-11 09:53:07,337,x-wing,resistance,7,9,3,3,Malastare
2024-07-11 09:53:06,338,stormtrooper,empire,7,3,6,10,Eriadu
2024-07-11 09:53:05,339,resistance_soldier,resistance,6,2,6,2,Kalee
2024-07-11 09:53:04,340,unknown,resistance,7,5,8,5,Chandrila
2024-07-11 09:53:03,341,at-at,empire,8,7,6,4,Naboo
2024-07-11 09:53:02,342,tie_silencer,resistance,7,6,6,10,Vulpter
2024-07-11 09:53:01,343,tie_fighter,resistance,9,3,5,8,Dagobah
2024-07-11 09:53:00,344,unknown,empire,4,9,6,3,Socorro
2024-07-11 09:52:59,345,at-at,empire,6,10,9,1,Kashyyyk
2024-07-11 09:52:58,346,resistance_soldier,empire,3,7,1,8,Tholoth
2024-07-11 09:52:57,347,at-at,resistance,9,7,4,8,Vulpter
2024-07-11 09:52:56,348,tie_silencer,resistance,5,4,6,7,Umbara
2024-07-11 09:52:55,349,at-at,resistance,4,8,5,7,Mirial
2024-07-11 09:52:54,350,unknown,resistance,5,9,5,3,Kalee
2024-07-11 09:52:53,351,unknown,resistance,9,5,8,10,Tholoth
2024-07-11 09:52:52,352,at-at,resistance,4,4,10,10,Ojom
2024-07-11 09:52:51,353,at-st,resistance,10,4,3,5,Naboo
2024-07-11 09:52:50,354,tie_silencer,resistance,3,9,10,10,Umbara
2024-07-11 09:52:49,355,at-at,empire,3,4,8,7,Iktotch
2024-07-11 09:52:48,356,unknown,empire,4,2,7,7,Mon Cala
2024-07-11 09:52:47,357,x-wing,empire,1,8,7,7,Mon Cala
2024-07-11 09:52:46,358,tie_silencer,resistance,10,1,5,2,Sullust
2024-07-11 09:52:45,359,at-at,resistance,7,7,9,7,Bestine IV
2024-07-11 09:52:44,360,unknown,empire,7,10,5,9,Tund
2024-07-11 09:52:43,361,tie_silencer,empire,10,9,7,1,Haruun Kal
2024-07-11 09:52:42,362,tie_silencer,empire,6,7,8,10,Haruun Kal
2024-07-11 09:52:41,363,resistance_soldier,empire,3,7,4,5,Naboo
2024-07-11 09:52:40,364,at-at,resistance,9,9,3,4,Malastare
2024-07-11 09:52:39,365,stormtrooper,empire,1,4,5,8,Rodia
2024-07-11 09:52:38,366,at-st,empire,9,9,2,8,Toydaria
2024-07-11 09:52:37,367,tie_silencer,resistance,6,5,10,1,Kalee
2024-07-11 09:52:36,368,tie_silencer,empire,8,9,3,5,Umbara
2024-07-11 09:52:35,369,resistance_soldier,empire,2,1,2,4,Mirial
2024-07-11 09:52:34,370,at-st,empire,4,7,2,3,Serenno
2024-07-11 09:52:33,371,at-at,resistance,4,5,6,10,Kalee
2024-07-11 09:52:32,372,tie_fighter,empire,7,2,6,2,Haruun Kal
2024-07-11 09:52:31,373,tie_silencer,resistance,10,2,7,8,Glee Anselm
2024-07-11 09:52:30,374,at-at,empire,8,6,6,3,Dathomir
2024-07-11 09:52:29,375,at-at,resistance,3,10,8,5,Iridonia
2024-07-11 09:52:28,376,unknown,empire,4,2,8,1,Toydaria
2024-07-11 09:52:27,377,tie_fighter,resistance,3,6,5,7,Bestine IV
2024-07-11 09:52:26,378,x-wing,empire,10,4,8,9,Muunilinst
2024-07-11 09:52:25,379,x-wing,empire,3,6,8,6,Cerea
2024-07-11 09:52:24,380,x-wing,empire,4,2,5,10,Muunilinst
2024-07-11 09:52:23,381,stormtrooper,empire,6,2,4,8,Tund
2024-07-11 09:52:22,382,resistance_soldier,empire,6,7,9,1,Stewjon
2024-07-11 09:52:21,383,stormtrooper,resistance,8,1,10,8,Dorin
2024-07-11 09:52:20,384,tie_silencer,empire,9,9,8,9,Tholoth
2024-07-11 09:52:19,385,stormtrooper,empire,6,4,8,2,Rodia
2024-07-11 09:52:18,386,resistance_soldier,empire,5,10,2,3,Tatooine
2024-07-11 09:52:17,387,stormtrooper,resistance,8,9,10,5,Shili
2024-07-11 09:52:16,388,tie_silencer,empire,3,7,1,7,Tholoth
2024-07-11 09:52:15,389,tie_fighter,resistance,9,3,3,4,Dorin
2024-07-11 09:52:14,390,at-st,empire,4,8,6,4,Muunilinst
2024-07-11 09:52:13,391,stormtrooper,empire,4,7,6,8,Kashyyyk
2024-07-11 09:52:12,392,resistance_soldier,empire,6,2,3,5,Socorro
2024-07-11 09:52:11,393,unknown,resistance,1,3,10,6,Iridonia
2024-07-11 09:52:10,394,stormtrooper,empire,10,4,1,3,Alderaan
2024-07-11 09:52:09,395,at-at,empire,9,6,5,5,Vulpter
2024-07-11 09:52:08,396,x-wing,empire,9,7,6,5,Troiken
2024-07-11 09:52:07,397,tie_fighter,resistance,8,7,1,2,Zolan
2024-07-11 09:52:06,398,unknown,empire,9,4,9,4,Muunilinst
2024-07-11 09:52:05,399,tie_fighter,empire,10,9,9,4,Dagobah
2024-07-11 09:52:04,400,stormtrooper,resistance,3,8,9,8,Serenno
2024-07-11 09:52:03,401,unknown,empire,10,7,8,8,Mirial
2024-07-11 09:52:02,402,at-st,empire,7,10,7,5,Haruun Kal
2024-07-11 09:52:01,403,tie_silencer,resistance,10,3,7,10,Quermia
2024-07-11 09:52:00,404,at-st,empire,10,1,10,4,Rodia
2024-07-11 09:51:59,405,tie_fighter,empire,5,9,2,7,Shili
2024-07-11 09:51:58,406,x-wing,resistance,10,6,10,7,Rodia
2024-07-11 09:51:57,407,unknown,empire,9,10,8,1,Umbara
2024-07-11 09:51:56,408,at-st,resistance,9,7,9,1,Alderaan
2024-07-11 09:51:55,409,tie_silencer,empire,1,7,2,6,Corellia
2024-07-11 09:51:54,410,x-wing,empire,1,10,5,5,Iktotch
2024-07-11 09:51:53,411,resistance_soldier,empire,8,7,2,10,Rodia
2024-07-11 09:51:52,412,resistance_soldier,empire,1,10,9,4,Bestine IV
2024-07-11 09:51:51,413,at-st,empire,5,3,2,9,Sullust
2024-07-11 09:51:50,414,tie_fighter,resistance,3,2,8,9,Haruun Kal
2024-07-11 09:51:49,415,unknown,empire,7,3,6,9,Rodia
2024-07-11 09:51:48,416,stormtrooper,resistance,1,10,4,5,Bestine IV
2024-07-11 09:51:47,417,stormtrooper,resistance,4,2,3,9,Haruun Kal
2024-07-11 09:51:46,418,x-wing,empire,4,5,2,5,Alderaan
2024-07-11 09:51:45,419,at-at,empire,4,9,3,1,Ryloth
2024-07-11 09:51:44,420,resistance_soldier,resistance,3,5,6,3,Zolan
2024-07-11 09:51:43,421,resistance_soldier,resistance,6,1,10,7,Rodia
2024-07-11 09:51:42,422,tie_silencer,resistance,8,2,4,8,Cerea
2024-07-11 09:51:41,423,resistance_soldier,resistance,4,8,5,9,Sullust
2024-07-11 09:51:40,424,tie_fighter,empire,2,1,10,3,Socorro
2024-07-11 09:51:39,425,at-st,empire,5,10,9,4,Malastare
2024-07-11 09:51:38,426,at-st,resistance,5,2,2,8,Ojom
2024-07-11 09:51:37,427,at-st,resistance,1,2,1,1,Serenno
2024-07-11 09:51:36,428,tie_silencer,resistance,2,10,9,1,Corellia
2024-07-11 09:51:35,429,unknown,resistance,1,5,6,9,Dathomir
2024-07-11 09:51:34,430,unknown,empire,9,5,10,8,Skako
2024-07-11 09:51:33,431,at-at,empire,9,4,1,9,Shili
2024-07-11 09:51:32,432,at-at,resistance,8,2,4,7,Tholoth
2024-07-11 09:51:31,433,tie_silencer,empire,10,8,9,8,Dagobah
2024-07-11 09:51:30,434,at-st,resistance,1,4,10,2,Sullust
2024-07-11 09:51:29,435,at-st,empire,10,4,9,6,Vulpter
2024-07-11 09:51:28,436,tie_fighter,empire,3,4,6,8,Naboo
2024-07-11 09:51:27,437,unknown,resistance,4,4,4,5,Skako
2024-07-11 09:51:26,438,at-st,resistance,5,10,1,5,Kalee
2024-07-11 09:51:25,439,resistance_soldier,resistance,4,8,9,1,Kashyyyk
2024-07-11 09:51:24,440,tie_silencer,resistance,5,1,6,10,Zolan
2024-07-11 09:51:23,441,unknown,resistance,1,1,5,6,Trandosha
2024-07-11 09:51:22,442,tie_silencer,empire,6,7,5,2,Tatooine
2024-07-11 09:51:21,443,tie_silencer,resistance,2,1,1,6,Socorro
2024-07-11 09:51:20,444,tie_fighter,empire,4,1,1,8,Malastare
2024-07-11 09:51:19,445,resistance_soldier,empire,2,8,5,5,Vulpter
2024-07-11 09:51:18,446,tie_fighter,resistance,5,3,6,9,Mon Cala
2024-07-11 09:51:17,447,unknown,resistance,2,3,5,2,Malastare
2024-07-11 09:51:16,448,tie_silencer,empire,6,1,4,10,Iridonia
2024-07-11 09:51:15,449,stormtrooper,empire,2,2,6,4,Dathomir
2024-07-11 09:51:14,450,unknown,empire,8,8,6,7,Naboo
2024-07-11 09:51:13,451,tie_silencer,empire,2,8,4,9,Aleen Minor
2024-07-11 09:51:12,452,tie_silencer,empire,7,2,2,6,Dathomir
2024-07-11 09:51:11,453,x-wing,empire,9,10,8,6,Glee Anselm
2024-07-11 09:51:10,454,tie_fighter,empire,7,9,10,7,Tholoth
2024-07-11 09:51:09,455,tie_silencer,resistance,7,7,3,8,Haruun Kal
2024-07-11 09:51:08,456,resistance_soldier,resistance,4,4,7,5,Shili
2024-07-11 09:51:07,457,at-st,empire,3,7,3,4,Ojom
2024-07-11 09:51:06,458,stormtrooper,resistance,2,10,2,4,Champala
2024-07-11 09:51:05,459,unknown,resistance,5,7,6,10,Tund
2024-07-11 09:51:04,460,unknown,resistance,1,4,5,6,Cerea
2024-07-11 09:51:03,461,at-st,empire,10,3,2,6,Zolan
2024-07-11 09:51:02,462,tie_fighter,resistance,10,2,4,5,Umbara
2024-07-11 09:51:01,463,at-st,empire,5,6,7,10,Kalee
2024-07-11 09:51:00,464,at-at,empire,4,2,6,6,Tatooine
2024-07-11 09:50:59,465,at-st,empire,6,6,2,1,Quermia
2024-07-11 09:50:58,466,at-at,resistance,9,3,2,7,Dagobah
2024-07-11 09:50:57,467,x-wing,empire,8,7,10,9,Tatooine
2024-07-11 09:50:56,468,unknown,empire,3,10,10,2,Rodia
2024-07-11 09:50:55,469,x-wing,resistance,9,4,9,7,Iridonia
2024-07-11 09:50:54,470,at-at,resistance,5,5,10,9,Shili
2024-07-11 09:50:53,471,tie_fighter,resistance,5,7,5,1,Muunilinst
2024-07-11 09:50:52,472,x-wing,resistance,9,1,7,3,Tholoth
2024-07-11 09:50:51,473,resistance_soldier,resistance,6,5,4,10,Haruun Kal
2024-07-11 09:50:50,474,unknown,resistance,4,1,9,4,Dagobah
2024-07-11 09:50:49,475,x-wing,resistance,8,2,1,1,Sullust
2024-07-11 09:50:48,476,unknown,resistance,7,4,8,10,Skako
2024-07-11 09:50:47,477,at-st,resistance,2,4,7,3,Glee Anselm
2024-07-11 09:50:46,478,resistance_soldier,resistance,2,2,6,3,Kashyyyk
2024-07-11 09:50:45,479,unknown,resistance,8,9,6,8,Malastare
2024-07-11 09:50:44,480,at-st,resistance,4,7,10,3,Champala
2024-07-11 09:50:43,481,stormtrooper,empire,8,4,6,5,Iktotch
2024-07-11 09:50:42,482,at-at,resistance,2,9,10,1,Concord Dawn
2024-07-11 09:50:41,483,stormtrooper,empire,4,7,3,7,Dagobah
2024-07-11 09:50:40,484,at-st,empire,9,6,3,7,Alderaan
2024-07-11 09:50:39,485,at-st,empire,1,7,10,3,Kalee
2024-07-11 09:50:38,486,tie_fighter,resistance,3,2,2,2,Trandosha
2024-07-11 09:50:37,487,unknown,empire,4,10,2,5,Rodia
2024-07-11 09:50:36,488,resistance_soldier,resistance,9,4,5,5,Naboo
2024-07-11 09:50:35,489,at-at,empire,3,2,6,1,Dagobah
2024-07-11 09:50:34,490,unknown,empire,10,8,2,10,Sullust
2024-07-11 09:50:33,491,at-st,empire,3,1,3,3,Serenno
2024-07-11 09:50:32,492,unknown,empire,1,5,1,7,Champala
2024-07-11 09:50:31,493,tie_silencer,empire,2,2,3,10,Toydaria
2024-07-11 09:50:30,494,at-at,resistance,9,3,7,6,Naboo
2024-07-11 09:50:29,495,unknown,resistance,3,9,9,6,Glee Anselm
2024-07-11 09:50:28,496,tie_silencer,empire,2,8,9,7,Dagobah
2024-07-11 09:50:27,497,stormtrooper,empire,6,10,1,8,Corellia
2024-07-11 09:50:26,498,at-at,empire,1,4,9,6,Iktotch
2024-07-11 09:50:25,499,unknown,empire,5,2,10,1,Eriadu
2024-07-11 09:50:24,500,resistance_soldier,empire,5,5,10,5,Champala
2024-07-11 09:50:23,501,x-wing,resistance,6,6,9,5,Socorro
2024-07-11 09:50:22,502,stormtrooper,resistance,10,3,5,5,Glee Anselm
2024-07-11 09:50:21,503,tie_silencer,empire,7,9,9,4,Alderaan
2024-07-11 09:50:20,504,at-st,empire,2,8,7,7,Bestine IV
2024-07-11 09:50:19,505,resistance_soldier,resistance,3,4,9,7,Tatooine
2024-07-11 09:50:18,506,stormtrooper,empire,4,10,6,2,Dagobah
2024-07-11 09:50:17,507,stormtrooper,empire,1,4,6,7,Zolan
2024-07-11 09:50:16,508,x-wing,resistance,8,2,5,6,Iktotch
2024-07-11 09:50:15,509,at-st,empire,7,7,9,5,Mon Cala
2024-07-11 09:50:14,510,at-at,resistance,10,5,6,10,Iridonia
2024-07-11 09:50:13,511,at-st,empire,10,7,3,1,Ryloth
2024-07-11 09:50:12,512,tie_silencer,empire,4,9,8,7,Iridonia
2024-07-11 09:50:11,513,at-at,empire,6,8,10,4,Trandosha
2024-07-11 09:50:10,514,tie_silencer,resistance,8,9,5,8,Tatooine
2024-07-11 09:50:09,515,tie_fighter,resistance,9,10,5,5,Ryloth
2024-07-11 09:50:08,516,stormtrooper,empire,1,10,6,9,Glee Anselm
2024-07-11 09:50:07,517,tie_fighter,resistance,5,7,8,10,Tatooine
2024-07-11 09:50:06,518,at-st,empire,2,6,1,10,Toydaria
2024-07-11 09:50:05,519,x-wing,empire,9,7,6,2,Troiken
2024-07-11 09:50:04,520,at-at,resistance,8,5,4,8,Cerea
2024-07-11 09:50:03,521,at-st,resistance,6,1,9,10,Ojom
2024-07-11 09:50:02,522,resistance_soldier,resistance,5,7,5,2,Chandrila
2024-07-11 09:50:01,523,unknown,resistance,8,8,10,10,Tund
2024-07-11 09:50:00,524,tie_silencer,empire,7,6,8,10,Kalee
2024-07-11 09:49:59,525,x-wing,resistance,4,3,6,5,Dathomir
2024-07-11 09:49:58,526,tie_silencer,resistance,10,2,9,9,Sullust
2024-07-11 09:49:57,527,resistance_soldier,resistance,7,2,3,5,Muunilinst
2024-07-11 09:49:56,528,tie_fighter,resistance,7,10,8,7,Kashyyyk
2024-07-11 09:49:55,529,tie_silencer,resistance,1,6,6,8,Toydaria
2024-07-11 09:49:54,530,x-wing,resistance,4,7,8,9,Alderaan
2024-07-11 09:49:53,531,resistance_soldier,empire,5,2,4,4,Iktotch
2024-07-11 09:49:52,532,tie_fighter,empire,9,2,8,2,Shili
2024-07-11 09:49:51,533,at-st,resistance,10,7,9,9,Toydaria
2024-07-11 09:49:50,534,unknown,empire,7,7,6,8,Tatooine
2024-07-11 09:49:49,535,unknown,resistance,3,4,6,3,Bestine IV
2024-07-11 09:49:48,536,unknown,resistance,9,10,3,7,Tatooine
2024-07-11 09:49:47,537,tie_fighter,resistance,8,2,9,9,Dorin
2024-07-11 09:49:46,538,at-at,empire,3,6,4,5,Alderaan
2024-07-11 09:49:45,539,x-wing,resistance,1,1,8,6,Alderaan
2024-07-11 09:49:44,540,tie_fighter,empire,3,9,2,9,Trandosha
2024-07-11 09:49:43,541,resistance_soldier,resistance,5,4,2,10,Toydaria
2024-07-11 09:49:42,542,x-wing,empire,1,3,9,4,Ryloth
2024-07-11 09:49:41,543,unknown,empire,4,6,4,4,Corellia
2024-07-11 09:49:40,544,x-wing,resistance,6,5,2,7,Zolan
2024-07-11 09:49:39,545,x-wing,resistance,5,1,9,7,Zolan
2024-07-11 09:49:38,546,at-st,resistance,2,9,7,4,Malastare
2024-07-11 09:49:37,547,unknown,resistance,7,5,1,1,Toydaria
2024-07-11 09:49:36,548,at-at,empire,9,7,9,2,Alderaan
2024-07-11 09:49:35,549,stormtrooper,resistance,9,1,7,2,Muunilinst
2024-07-11 09:49:34,550,resistance_soldier,resistance,6,3,2,7,Chandrila
2024-07-11 09:49:33,551,x-wing,empire,6,5,3,8,Sullust
2024-07-11 09:49:32,552,at-st,resistance,7,3,5,5,Socorro
2024-07-11 09:49:31,553,resistance_soldier,resistance,4,9,2,9,Ojom
2024-07-11 09:49:30,554,at-st,resistance,8,5,2,1,Serenno
2024-07-11 09:49:29,555,at-at,resistance,2,7,1,1,Mirial
2024-07-11 09:49:28,556,tie_fighter,resistance,8,5,10,10,Kalee
2024-07-11 09:49:27,557,at-st,resistance,5,2,7,9,Naboo
2024-07-11 09:49:26,558,stormtrooper,resistance,5,3,1,3,Tatooine
2024-07-11 09:49:25,559,resistance_soldier,empire,1,10,10,8,Rodia
2024-07-11 09:49:24,560,unknown,resistance,2,4,3,3,Bestine IV
2024-07-11 09:49:23,561,tie_fighter,resistance,9,4,1,3,Muunilinst
2024-07-11 09:49:22,562,at-st,empire,2,1,3,8,Vulpter
2024-07-11 09:49:21,563,at-st,empire,1,4,2,8,Dorin
2024-07-11 09:49:20,564,at-at,resistance,9,1,5,4,Kalee
2024-07-11 09:49:19,565,unknown,resistance,3,1,7,1,Aleen Minor
2024-07-11 09:49:18,566,unknown,empire,7,4,9,10,Trandosha
2024-07-11 09:49:17,567,tie_silencer,empire,9,3,3,10,Ryloth
2024-07-11 09:49:16,568,x-wing,empire,5,2,4,10,Mon Cala
2024-07-11 09:49:15,569,at-at,empire,2,2,6,4,Tund
2024-07-11 09:49:14,570,tie_fighter,resistance,8,9,1,10,Skako
2024-07-11 09:49:13,571,x-wing,resistance,4,3,3,2,Bestine IV
2024-07-11 09:49:12,572,stormtrooper,resistance,7,1,6,7,Dagobah
2024-07-11 09:49:11,573,stormtrooper,resistance,3,9,4,4,Concord Dawn
2024-07-11 09:49:10,574,tie_silencer,empire,5,4,9,3,Malastare
2024-07-11 09:49:09,575,at-st,empire,1,10,5,10,Concord Dawn
2024-07-11 09:49:08,576,tie_fighter,resistance,10,10,4,6,Iktotch
2024-07-11 09:49:07,577,at-at,resistance,9,5,10,5,Sullust
2024-07-11 09:49:06,578,tie_silencer,empire,10,2,7,9,Vulpter
2024-07-11 09:49:05,579,at-at,resistance,8,10,1,2,Umbara
2024-07-11 09:49:04,580,at-at,resistance,10,9,9,6,Rodia
2024-07-11 09:49:03,581,at-at,empire,9,6,10,7,Stewjon
2024-07-11 09:49:02,582,stormtrooper,resistance,9,1,1,8,Malastare
2024-07-11 09:49:01,583,stormtrooper,empire,8,6,5,7,Kashyyyk
2024-07-11 09:49:00,584,stormtrooper,empire,8,8,7,10,Rodia
2024-07-11 09:48:59,585,at-at,resistance,7,8,6,10,Iktotch
2024-07-11 09:48:58,586,x-wing,empire,3,5,8,4,Concord Dawn
2024-07-11 09:48:57,587,at-st,resistance,5,9,1,9,Serenno
2024-07-11 09:48:56,588,tie_silencer,resistance,4,5,10,1,Bestine IV
2024-07-11 09:48:55,589,stormtrooper,resistance,2,9,3,9,Umbara
2024-07-11 09:48:54,590,resistance_soldier,empire,4,4,7,4,Dathomir
2024-07-11 09:48:53,591,at-at,empire,2,5,10,2,Quermia
2024-07-11 09:48:52,592,x-wing,empire,9,10,1,3,Serenno
2024-07-11 09:48:51,593,tie_silencer,empire,6,9,4,3,Tatooine
2024-07-11 09:48:50,594,x-wing,empire,8,5,6,3,Ryloth
2024-07-11 09:48:49,595,x-wing,resistance,3,4,9,5,Glee Anselm
2024-07-11 09:48:48,596,at-at,empire,8,3,9,3,Dagobah
2024-07-11 09:48:47,597,at-st,empire,3,10,9,6,Cerea
2024-07-11 09:48:46,598,unknown,resistance,6,1,7,2,Concord Dawn
2024-07-11 09:48:45,599,at-st,resistance,5,1,8,6,Dorin
2024-07-11 09:48:44,600,at-st,resistance,10,4,6,9,Trandosha
2024-07-11 09:48:43,601,tie_fighter,resistance,2,10,2,4,Tund
2024-07-11 09:48:42,602,at-st,empire,9,4,5,5,Concord Dawn
2024-07-11 09:48:41,603,resistance_soldier,empire,10,4,4,8,Rodia
2024-07-11 09:48:40,604,at-at,empire,8,4,7,9,Skako
2024-07-11 09:48:39,605,at-at,resistance,2,9,2,2,Kashyyyk
2024-07-11 09:48:38,606,x-wing,resistance,6,5,7,4,Shili
2024-07-11 09:48:37,607,tie_fighter,empire,7,8,2,4,Shili
2024-07-11 09:48:36,608,unknown,empire,6,5,8,10,Troiken
2024-07-11 09:48:35,609,stormtrooper,resistance,3,10,10,10,Ojom
2024-07-11 09:48:34,610,tie_silencer,empire,9,1,9,5,Stewjon
2024-07-11 09:48:33,611,tie_fighter,resistance,10,9,7,1,Glee Anselm
2024-07-11 09:48:32,612,x-wing,resistance,1,5,3,6,Dathomir
2024-07-11 09:48:31,613,at-st,resistance,1,6,2,5,Kalee
2024-07-11 09:48:30,614,at-at,resistance,3,6,1,1,Ojom
2024-07-11 09:48:29,615,at-st,empire,3,2,1,9,Kalee
2024-07-11 09:48:28,616,tie_silencer,resistance,6,4,1,4,Mon Cala
2024-07-11 09:48:27,617,x-wing,resistance,4,3,2,8,Eriadu
2024-07-11 09:48:26,618,stormtrooper,empire,1,2,6,7,Vulpter
2024-07-11 09:48:25,619,unknown,empire,10,10,7,1,Troiken
2024-07-11 09:48:24,620,tie_fighter,empire,4,4,3,3,Ryloth
2024-07-11 09:48:23,621,tie_fighter,resistance,6,10,6,2,Kalee
2024-07-11 09:48:22,622,tie_fighter,empire,7,9,2,2,Cerea
2024-07-11 09:48:21,623,unknown,empire,3,9,2,8,Sullust
2024-07-11 09:48:20,624,tie_fighter,resistance,7,6,8,5,Corellia
2024-07-11 09:48:19,625,resistance_soldier,resistance,7,10,7,10,Concord Dawn
2024-07-11 09:48:18,626,tie_silencer,resistance,5,2,2,6,Kalee
2024-07-11 09:48:17,627,x-wing,empire,8,4,1,5,Toydaria
2024-07-11 09:48:16,628,stormtrooper,resistance,6,7,7,3,Tatooine
2024-07-11 09:48:15,629,stormtrooper,resistance,2,2,10,10,Dagobah
2024-07-11 09:48:14,630,tie_silencer,resistance,2,2,3,3,Naboo
2024-07-11 09:48:13,631,unknown,resistance,8,4,1,8,Aleen Minor
2024-07-11 09:48:12,632,unknown,resistance,1,3,10,9,Glee Anselm
2024-07-11 09:48:11,633,x-wing,empire,6,3,4,9,Naboo
2024-07-11 09:48:10,634,resistance_soldier,empire,5,8,3,1,Dathomir
2024-07-11 09:48:09,635,x-wing,empire,10,6,5,1,Quermia
2024-07-11 09:48:08,636,x-wing,resistance,10,10,10,2,Champala
2024-07-11 09:48:07,637,stormtrooper,empire,6,7,5,6,Mirial
2024-07-11 09:48:06,638,tie_fighter,empire,3,10,4,1,Serenno
2024-07-11 09:48:05,639,unknown,empire,5,5,10,1,Ryloth
2024-07-11 09:48:04,640,tie_fighter,empire,3,4,3,4,Tholoth
2024-07-11 09:48:03,641,at-st,resistance,6,4,3,4,Kalee
2024-07-11 09:48:02,642,at-st,resistance,4,10,2,9,Troiken
2024-07-11 09:48:01,643,x-wing,empire,2,5,10,7,Concord Dawn
2024-07-11 09:48:00,644,stormtrooper,empire,5,7,2,2,Dathomir
2024-07-11 09:47:59,645,resistance_soldier,resistance,5,8,10,8,Skako
2024-07-11 09:47:58,646,resistance_soldier,empire,7,10,3,8,Naboo
2024-07-11 09:47:57,647,unknown,resistance,2,1,9,3,Ojom
2024-07-11 09:47:56,648,x-wing,resistance,10,10,2,6,Kalee
2024-07-11 09:47:55,649,unknown,resistance,9,7,4,3,Dathomir
2024-07-11 09:47:54,650,resistance_soldier,resistance,4,2,1,4,Chandrila
2024-07-11 09:47:53,651,unknown,resistance,3,5,2,10,Malastare
2024-07-11 09:47:52,652,resistance_soldier,resistance,2,7,7,9,Alderaan
2024-07-11 09:47:51,653,x-wing,resistance,4,7,1,6,Tholoth
2024-07-11 09:47:50,654,at-st,resistance,1,2,10,5,Tatooine
2024-07-11 09:47:49,655,unknown,resistance,5,6,1,7,Muunilinst
2024-07-11 09:47:48,656,at-at,resistance,10,8,9,10,Mirial
2024-07-11 09:47:47,657,at-at,resistance,9,6,8,6,Glee Anselm
2024-07-11 09:47:46,658,at-at,empire,10,6,7,5,Aleen Minor
2024-07-11 09:47:45,659,resistance_soldier,empire,4,7,3,8,Aleen Minor
2024-07-11 09:47:44,660,stormtrooper,empire,6,3,5,8,Tatooine
2024-07-11 09:47:43,661,x-wing,resistance,3,7,1,1,Dorin
2024-07-11 09:47:42,662,tie_silencer,resistance,8,4,4,3,Shili
2024-07-11 09:47:41,663,x-wing,resistance,6,10,10,2,Socorro
2024-07-11 09:47:40,664,resistance_soldier,resistance,4,10,9,2,Cerea
2024-07-11 09:47:39,665,x-wing,resistance,6,7,6,10,Dorin
2024-07-11 09:47:38,666,tie_silencer,resistance,10,10,8,9,Ojom
2024-07-11 09:47:37,667,tie_fighter,resistance,9,9,8,4,Malastare
2024-07-11 09:47:36,668,at-at,resistance,7,7,2,7,Kalee
2024-07-11 09:47:35,669,tie_fighter,empire,7,6,9,8,Ryloth
2024-07-11 09:47:34,670,tie_silencer,empire,10,6,1,2,Vulpter
2024-07-11 09:47:33,671,unknown,resistance,4,3,4,3,Alderaan
2024-07-11 09:47:32,672,stormtrooper,empire,7,3,3,3,Haruun Kal
2024-07-11 09:47:31,673,x-wing,resistance,2,2,3,4,Iridonia
2024-07-11 09:47:30,674,stormtrooper,empire,5,10,7,1,Mirial
2024-07-11 09:47:29,675,unknown,resistance,6,6,3,3,Dagobah
2024-07-11 09:47:28,676,at-at,resistance,2,8,5,7,Serenno
2024-07-11 09:47:27,677,tie_fighter,resistance,10,4,6,1,Iridonia
2024-07-11 09:47:26,678,tie_silencer,empire,2,3,7,9,Ojom
2024-07-11 09:47:25,679,tie_silencer,empire,10,7,1,6,Tholoth
2024-07-11 09:47:24,680,tie_fighter,empire,6,8,9,2,Sullust
2024-07-11 09:47:23,681,stormtrooper,empire,5,5,6,8,Iktotch
2024-07-11 09:47:22,682,resistance_soldier,resistance,10,4,8,6,Glee Anselm
2024-07-11 09:47:21,683,tie_fighter,resistance,4,8,6,3,Kalee
2024-07-11 09:47:20,684,tie_silencer,empire,10,7,9,5,Vulpter
2024-07-11 09:47:19,685,at-st,empire,8,9,10,7,Concord Dawn
2024-07-11 09:47:18,686,stormtrooper,resistance,8,8,10,9,Serenno
2024-07-11 09:47:17,687,tie_silencer,empire,5,10,10,9,Dagobah
2024-07-11 09:47:16,688,unknown,empire,10,9,9,10,Dagobah
2024-07-11 09:47:15,689,tie_silencer,resistance,4,1,2,5,Tund
2024-07-11 09:47:14,690,stormtrooper,empire,8,9,2,9,Troiken
2024-07-11 09:47:13,691,x-wing,empire,7,3,4,6,Mon Cala
2024-07-11 09:47:12,692,x-wing,empire,4,6,8,2,Ryloth
2024-07-11 09:47:11,693,tie_silencer,empire,8,2,6,6,Sullust
2024-07-11 09:47:10,694,at-st,resistance,3,1,10,5,Sullust
2024-07-11 09:47:09,695,resistance_soldier,empire,3,6,2,1,Dorin
2024-07-11 09:47:08,696,unknown,resistance,6,10,5,10,Eriadu
2024-07-11 09:47:07,697,tie_silencer,empire,9,1,2,8,Mon Cala
2024-07-11 09:47:06,698,x-wing,resistance,2,4,10,1,Skako
2024-07-11 09:47:05,699,x-wing,resistance,10,6,7,10,Ojom
2024-07-11 09:47:04,700,tie_silencer,empire,10,1,7,8,Dathomir
2024-07-11 09:47:03,701,unknown,resistance,2,10,6,10,Alderaan
2024-07-11 09:47:02,702,at-at,empire,9,1,7,10,Vulpter
2024-07-11 09:47:01,703,tie_fighter,resistance,9,7,8,7,Stewjon
2024-07-11 09:47:00,704,resistance_soldier,empire,3,2,8,1,Rodia
2024-07-11 09:46:59,705,unknown,resistance,1,5,2,5,Dorin
2024-07-11 09:46:58,706,tie_silencer,resistance,10,10,3,8,Champala
2024-07-11 09:46:57,707,tie_silencer,empire,1,9,2,3,Corellia
2024-07-11 09:46:56,708,stormtrooper,resistance,2,6,10,9,Tatooine
2024-07-11 09:46:55,709,tie_silencer,resistance,1,5,5,9,Cerea
2024-07-11 09:46:54,710,tie_silencer,resistance,4,8,2,6,Iridonia
2024-07-11 09:46:53,711,unknown,resistance,2,1,10,6,Dagobah
2024-07-11 09:46:52,712,resistance_soldier,empire,6,8,9,6,Rodia
2024-07-11 09:46:51,713,x-wing,resistance,4,7,2,6,Cerea
2024-07-11 09:46:50,714,at-at,resistance,2,2,10,9,Ojom
2024-07-11 09:46:49,715,tie_fighter,resistance,9,9,6,8,Naboo
2024-07-11 09:46:48,716,tie_silencer,resistance,5,4,6,8,Alderaan
2024-07-11 09:46:47,717,stormtrooper,resistance,3,7,10,8,Tund
2024-07-11 09:46:46,718,x-wing,resistance,5,3,3,2,Quermia
2024-07-11 09:46:45,719,tie_fighter,empire,8,10,1,10,Shili
2024-07-11 09:46:44,720,x-wing,resistance,9,8,9,9,Kashyyyk
2024-07-11 09:46:43,721,x-wing,resistance,9,9,2,6,Concord Dawn
2024-07-11 09:46:42,722,unknown,resistance,10,3,2,4,Tund
2024-07-11 09:46:41,723,x-wing,resistance,7,2,1,4,Sullust
2024-07-11 09:46:40,724,unknown,empire,6,9,7,2,Chandrila
2024-07-11 09:46:39,725,unknown,resistance,1,3,5,8,Tholoth
2024-07-11 09:46:38,726,tie_silencer,resistance,7,6,5,8,Sullust
2024-07-11 09:46:37,727,tie_silencer,empire,1,2,5,2,Eriadu
2024-07-11 09:46:36,728,resistance_soldier,empire,1,2,6,5,Zolan
2024-07-11 09:46:35,729,at-st,empire,3,4,4,1,Iktotch
2024-07-11 09:46:34,730,at-at,resistance,6,3,6,6,Bestine IV
2024-07-11 09:46:33,731,x-wing,resistance,6,7,2,3,Tatooine
2024-07-11 09:46:32,732,unknown,empire,8,4,9,4,Chandrila
2024-07-11 09:46:31,733,tie_silencer,empire,3,4,5,5,Mirial
2024-07-11 09:46:30,734,unknown,resistance,3,2,6,5,Aleen Minor
2024-07-11 09:46:29,735,stormtrooper,resistance,9,2,1,2,Dathomir
2024-07-11 09:46:28,736,at-at,empire,2,3,6,8,Dorin
2024-07-11 09:46:27,737,at-st,empire,4,8,5,5,Shili
2024-07-11 09:46:26,738,tie_silencer,resistance,3,10,2,5,Eriadu
2024-07-11 09:46:25,739,tie_silencer,resistance,6,4,3,2,Ryloth
2024-07-11 09:46:24,740,x-wing,empire,1,3,2,2,Dathomir
2024-07-11 09:46:23,741,tie_silencer,empire,6,6,10,8,Malastare
2024-07-11 09:46:22,742,stormtrooper,empire,9,7,5,5,Mirial
2024-07-11 09:46:21,743,resistance_soldier,resistance,1,7,1,7,Dagobah
2024-07-11 09:46:20,744,at-at,resistance,4,7,9,9,Aleen Minor
2024-07-11 09:46:19,745,at-st,empire,4,5,6,6,Rodia
2024-07-11 09:46:18,746,at-at,resistance,9,5,8,4,Toydaria
2024-07-11 09:46:17,747,x-wing,empire,9,10,2,6,Umbara
2024-07-11 09:46:16,748,at-at,resistance,8,10,1,3,Tund
2024-07-11 09:46:15,749,unknown,empire,8,10,6,8,Tholoth
2024-07-11 09:46:14,750,x-wing,resistance,1,3,2,3,Tatooine
2024-07-11 09:46:13,751,tie_fighter,resistance,10,4,5,9,Chandrila
2024-07-11 09:46:12,752,x-wing,resistance,6,6,5,4,Zolan
2024-07-11 09:46:11,753,at-at,empire,10,4,1,1,Kalee
2024-07-11 09:46:10,754,x-wing,empire,2,7,7,9,Eriadu
2024-07-11 09:46:09,755,at-st,empire,9,10,8,9,Shili
2024-07-11 09:46:08,756,at-st,resistance,9,10,8,5,Haruun Kal
2024-07-11 09:46:07,757,at-st,resistance,3,9,10,8,Champala
2024-07-11 09:46:06,758,x-wing,resistance,5,5,8,7,Muunilinst
2024-07-11 09:46:05,759,at-st,resistance,2,3,1,3,Shili
2024-07-11 09:46:04,760,resistance_soldier,resistance,6,4,5,9,Champala
2024-07-11 09:46:03,761,at-st,empire,9,4,4,6,Trandosha
2024-07-11 09:46:02,762,stormtrooper,empire,5,3,1,3,Iktotch
2024-07-11 09:46:01,763,tie_silencer,resistance,8,4,8,7,Vulpter
2024-07-11 09:46:00,764,at-at,empire,10,10,3,6,Haruun Kal
2024-07-11 09:45:59,765,resistance_soldier,resistance,10,9,4,7,Iktotch
2024-07-11 09:45:58,766,at-at,resistance,6,8,1,4,Mirial
2024-07-11 09:45:57,767,resistance_soldier,empire,8,1,9,10,Mirial
2024-07-11 09:45:56,768,at-st,resistance,8,4,1,2,Mirial
2024-07-11 09:45:55,769,stormtrooper,resistance,10,7,5,9,Iktotch
2024-07-11 09:45:54,770,at-at,resistance,10,6,4,2,Dathomir
2024-07-11 09:45:53,771,at-st,resistance,6,6,7,6,Glee Anselm
2024-07-11 09:45:52,772,tie_fighter,resistance,10,6,1,3,Serenno
2024-07-11 09:45:51,773,at-st,resistance,1,1,4,1,Muunilinst
2024-07-11 09:45:50,774,stormtrooper,resistance,9,9,10,10,Alderaan
2024-07-11 09:45:49,775,stormtrooper,empire,2,2,3,2,Muunilinst
2024-07-11 09:45:48,776,tie_silencer,empire,7,7,5,7,Serenno
2024-07-11 09:45:47,777,stormtrooper,empire,7,7,1,4,Bestine IV
2024-07-11 09:45:46,778,tie_fighter,resistance,9,2,8,6,Kashyyyk
2024-07-11 09:45:45,779,tie_silencer,empire,5,9,4,10,Rodia
2024-07-11 09:45:44,780,stormtrooper,resistance,2,7,8,2,Serenno
2024-07-11 09:45:43,781,tie_silencer,resistance,4,9,10,10,Tholoth
2024-07-11 09:45:42,782,tie_fighter,empire,10,6,1,8,Chandrila
2024-07-11 09:45:41,783,tie_fighter,resistance,3,4,5,6,Ryloth
2024-07-11 09:45:40,784,resistance_soldier,empire,5,10,8,10,Champala
2024-07-11 09:45:39,785,x-wing,empire,8,10,6,9,Champala
2024-07-11 09:45:38,786,resistance_soldier,resistance,3,2,6,6,Haruun Kal
2024-07-11 09:45:37,787,tie_fighter,empire,4,5,4,8,Tund
2024-07-11 09:45:36,788,tie_silencer,resistance,3,6,8,10,Eriadu
2024-07-11 09:45:35,789,unknown,empire,5,4,5,5,Chandrila
2024-07-11 09:45:34,790,tie_fighter,resistance,8,7,2,4,Troiken
2024-07-11 09:45:33,791,resistance_soldier,resistance,1,3,5,9,Mirial
2024-07-11 09:45:32,792,x-wing,empire,4,10,2,4,Aleen Minor
2024-07-11 09:45:31,793,tie_fighter,resistance,4,1,9,5,Sullust
2024-07-11 09:45:30,794,resistance_soldier,resistance,3,7,6,8,Dorin
2024-07-11 09:45:29,795,tie_fighter,resistance,4,4,3,9,Tholoth
2024-07-11 09:45:28,796,unknown,empire,6,5,2,10,Glee Anselm
2024-07-11 09:45:27,797,tie_silencer,empire,7,8,9,8,Malastare
2024-07-11 09:45:26,798,resistance_soldier,empire,1,8,2,7,Troiken
2024-07-11 09:45:25,799,at-at,resistance,6,3,5,7,Toydaria
2024-07-11 09:45:24,800,stormtrooper,resistance,3,7,2,1,Glee Anselm
2024-07-11 09:45:23,801,at-at,empire,9,1,7,7,Dagobah
2024-07-11 09:45:22,802,unknown,resistance,4,5,9,7,Kashyyyk
2024-07-11 09:45:21,803,tie_silencer,empire,8,6,4,6,Muunilinst
2024-07-11 09:45:20,804,tie_silencer,resistance,7,5,7,8,Vulpter
2024-07-11 09:45:19,805,resistance_soldier,empire,7,4,7,2,Iktotch
2024-07-11 09:45:18,806,tie_silencer,empire,7,6,7,8,Mirial
2024-07-11 09:45:17,807,resistance_soldier,resistance,9,5,8,9,Dathomir
2024-07-11 09:45:16,808,resistance_soldier,resistance,8,1,10,3,Troiken
2024-07-11 09:45:15,809,stormtrooper,resistance,6,2,3,8,Ojom
2024-07-11 09:45:14,810,unknown,empire,1,8,10,2,Sullust
2024-07-11 09:45:13,811,x-wing,resistance,10,7,4,7,Ojom
2024-07-11 09:45:12,812,unknown,resistance,7,5,4,8,Glee Anselm
2024-07-11 09:45:11,813,tie_fighter,resistance,10,8,2,9,Dorin
2024-07-11 09:45:10,814,x-wing,empire,10,8,4,10,Ojom
2024-07-11 09:45:09,815,unknown,resistance,2,9,6,1,Stewjon
2024-07-11 09:45:08,816,unknown,empire,7,8,6,4,Sullust
2024-07-11 09:45:07,817,stormtrooper,resistance,10,4,8,8,Chandrila
2024-07-11 09:45:06,818,unknown,empire,7,5,9,10,Shili
2024-07-11 09:45:05,819,unknown,resistance,2,2,8,4,Tholoth
2024-07-11 09:45:04,820,x-wing,resistance,6,4,2,10,Quermia
2024-07-11 09:45:03,821,tie_fighter,resistance,10,7,9,5,Vulpter
2024-07-11 09:45:02,822,at-st,empire,4,2,7,7,Naboo
2024-07-11 09:45:01,823,x-wing,resistance,3,8,3,3,Chandrila
2024-07-11 09:45:00,824,tie_silencer,empire,6,9,2,8,Ryloth
2024-07-11 09:44:59,825,at-at,resistance,6,5,7,8,Bestine IV
2024-07-11 09:44:58,826,tie_fighter,resistance,4,10,5,6,Iktotch
2024-07-11 09:44:57,827,resistance_soldier,empire,1,7,6,1,Iridonia
2024-07-11 09:44:56,828,stormtrooper,empire,10,8,10,7,Vulpter
2024-07-11 09:44:55,829,resistance_soldier,resistance,6,7,2,4,Tund
2024-07-11 09:44:54,830,tie_fighter,resistance,9,6,6,2,Shili
2024-07-11 09:44:53,831,at-st,empire,4,1,8,8,Quermia
2024-07-11 09:44:52,832,at-at,resistance,2,3,3,1,Stewjon
2024-07-11 09:44:51,833,x-wing,resistance,10,5,3,8,Iktotch
2024-07-11 09:44:50,834,tie_silencer,empire,3,4,10,6,Cerea
2024-07-11 09:44:49,835,tie_silencer,empire,5,9,8,10,Corellia
2024-07-11 09:44:48,836,x-wing,resistance,6,2,7,3,Dagobah
2024-07-11 09:44:47,837,at-at,resistance,5,8,8,3,Kalee
2024-07-11 09:44:46,838,tie_silencer,empire,5,10,5,2,Socorro
2024-07-11 09:44:45,839,stormtrooper,empire,10,4,3,6,Tatooine
2024-07-11 09:44:44,840,stormtrooper,empire,7,3,5,1,Shili
2024-07-11 09:44:43,841,resistance_soldier,resistance,9,2,2,9,Iridonia
2024-07-11 09:44:42,842,tie_fighter,resistance,1,7,7,2,Vulpter
2024-07-11 09:44:41,843,x-wing,empire,4,9,9,10,Trandosha
2024-07-11 09:44:40,844,stormtrooper,empire,4,5,8,8,Socorro
2024-07-11 09:44:39,845,x-wing,empire,3,3,10,2,Ojom
2024-07-11 09:44:38,846,tie_silencer,resistance,5,7,8,3,Iridonia
2024-07-11 09:44:37,847,tie_silencer,empire,1,5,9,3,Shili
2024-07-11 09:44:36,848,at-st,empire,2,4,4,9,Skako
2024-07-11 09:44:35,849,at-st,resistance,10,4,3,4,Tatooine
2024-07-11 09:44:34,850,at-at,resistance,5,4,3,3,Ojom
2024-07-11 09:44:33,851,stormtrooper,empire,4,3,9,3,Trandosha
2024-07-11 09:44:32,852,resistance_soldier,empire,7,10,9,5,Eriadu
2024-07-11 09:44:31,853,stormtrooper,empire,8,5,5,9,Haruun Kal
2024-07-11 09:44:30,854,tie_fighter,resistance,10,9,2,1,Iktotch
2024-07-11 09:44:29,855,tie_silencer,empire,8,10,6,2,Iridonia
2024-07-11 09:44:28,856,stormtrooper,empire,4,4,6,2,Vulpter
2024-07-11 09:44:27,857,stormtrooper,empire,7,10,7,5,Shili
2024-07-11 09:44:26,858,resistance_soldier,empire,6,8,9,4,Serenno
2024-07-11 09:44:25,859,tie_silencer,empire,7,2,5,10,Socorro
2024-07-11 09:44:24,860,stormtrooper,empire,9,8,3,2,Vulpter
2024-07-11 09:44:23,861,stormtrooper,empire,10,3,5,7,Shili
2024-07-11 09:44:22,862,unknown,empire,9,1,1,3,Sullust
2024-07-11 09:44:21,863,at-at,empire,9,10,6,5,Umbara
2024-07-11 09:44:20,864,tie_silencer,empire,5,9,7,6,Naboo
2024-07-11 09:44:19,865,resistance_soldier,resistance,8,9,3,2,Socorro
2024-07-11 09:44:18,866,at-st,resistance,5,4,3,3,Socorro
2024-07-11 09:44:17,867,resistance_soldier,empire,10,6,3,9,Alderaan
2024-07-11 09:44:16,868,stormtrooper,empire,1,9,6,6,Sullust
2024-07-11 09:44:15,869,at-st,empire,8,5,10,3,Sullust
2024-07-11 09:44:14,870,at-at,resistance,3,5,5,6,Muunilinst
2024-07-11 09:44:13,871,tie_silencer,resistance,7,10,9,9,Iktotch
2024-07-11 09:44:12,872,at-at,empire,8,8,7,4,Ojom
2024-07-11 09:44:11,873,stormtrooper,resistance,2,3,8,1,Socorro
2024-07-11 09:44:10,874,tie_fighter,empire,5,10,9,4,Vulpter
2024-07-11 09:44:09,875,unknown,resistance,5,5,2,8,Stewjon
2024-07-11 09:44:08,876,resistance_soldier,resistance,4,4,10,7,Zolan
2024-07-11 09:44:07,877,x-wing,resistance,8,7,7,7,Bestine IV
2024-07-11 09:44:06,878,at-st,empire,1,2,9,9,Ojom
2024-07-11 09:44:05,879,resistance_soldier,empire,7,8,3,10,Sullust
2024-07-11 09:44:04,880,at-st,resistance,9,2,10,7,Bestine IV
2024-07-11 09:44:03,881,tie_silencer,empire,6,7,1,7,Mirial
2024-07-11 09:44:02,882,tie_silencer,resistance,6,1,7,6,Chandrila
2024-07-11 09:44:01,883,at-at,empire,7,3,6,10,Socorro
2024-07-11 09:44:00,884,stormtrooper,resistance,4,5,5,8,Cerea
2024-07-11 09:43:59,885,stormtrooper,empire,8,5,3,2,Dorin
2024-07-11 09:43:58,886,tie_fighter,empire,6,6,2,9,Glee Anselm
2024-07-11 09:43:57,887,tie_silencer,resistance,10,8,7,9,Quermia
2024-07-11 09:43:56,888,tie_fighter,empire,8,9,4,6,Dathomir
2024-07-11 09:43:55,889,at-at,empire,6,7,7,1,Eriadu
2024-07-11 09:43:54,890,unknown,empire,1,8,8,10,Glee Anselm
2024-07-11 09:43:53,891,at-at,resistance,10,2,1,3,Shili
2024-07-11 09:43:52,892,stormtrooper,empire,3,1,7,9,Socorro
2024-07-11 09:43:51,893,tie_silencer,empire,6,7,6,2,Malastare
2024-07-11 09:43:50,894,unknown,resistance,8,6,5,8,Malastare
2024-07-11 09:43:49,895,tie_fighter,empire,7,2,10,2,Kashyyyk
2024-07-11 09:43:48,896,tie_fighter,resistance,6,10,4,4,Aleen Minor
2024-07-11 09:43:47,897,tie_fighter,resistance,3,8,10,4,Dathomir
2024-07-11 09:43:46,898,x-wing,empire,3,8,7,9,Eriadu
2024-07-11 09:43:45,899,x-wing,resistance,1,4,5,2,Corellia
2024-07-11 09:43:44,900,stormtrooper,empire,7,5,2,5,Cerea
2024-07-11 09:43:43,901,unknown,resistance,7,5,9,8,Mirial
2024-07-11 09:43:42,902,at-st,resistance,7,4,8,5,Quermia
2024-07-11 09:43:41,903,tie_silencer,resistance,2,5,3,10,Glee Anselm
2024-07-11 09:43:40,904,resistance_soldier,empire,2,9,3,8,Muunilinst
2024-07-11 09:43:39,905,unknown,empire,4,1,2,4,Stewjon
2024-07-11 09:43:38,906,tie_fighter,empire,4,8,8,10,Zolan
2024-07-11 09:43:37,907,resistance_soldier,resistance,1,5,1,9,Champala
2024-07-11 09:43:36,908,tie_silencer,resistance,1,9,5,2,Vulpter
2024-07-11 09:43:35,909,at-at,resistance,6,5,4,4,Concord Dawn
2024-07-11 09:43:34,910,resistance_soldier,resistance,2,7,6,4,Aleen Minor
2024-07-11 09:43:33,911,tie_silencer,resistance,6,7,5,6,Troiken
2024-07-11 09:43:32,912,at-at,empire,10,2,3,1,Vulpter
2024-07-11 09:43:31,913,stormtrooper,empire,7,7,10,9,Trandosha
2024-07-11 09:43:30,914,tie_silencer,empire,10,3,3,5,Glee Anselm
2024-07-11 09:43:29,915,tie_silencer,empire,7,3,2,4,Mon Cala
2024-07-11 09:43:28,916,stormtrooper,empire,6,1,2,2,Dathomir
2024-07-11 09:43:27,917,at-st,empire,8,10,7,6,Dagobah
2024-07-11 09:43:26,918,stormtrooper,resistance,10,5,9,10,Tatooine
2024-07-11 09:43:25,919,tie_silencer,empire,2,4,4,10,Shili
2024-07-11 09:43:24,920,unknown,resistance,8,4,6,6,Ojom
2024-07-11 09:43:23,921,unknown,empire,9,5,4,9,Skako
2024-07-11 09:43:22,922,tie_fighter,resistance,10,3,10,9,Sullust
2024-07-11 09:43:21,923,x-wing,empire,7,10,9,4,Tund
2024-07-11 09:43:20,924,at-at,empire,10,3,3,9,Iridonia
2024-07-11 09:43:19,925,stormtrooper,empire,6,7,3,6,Dathomir
2024-07-11 09:43:18,926,unknown,empire,1,9,4,8,Ojom
2024-07-11 09:43:17,927,stormtrooper,empire,8,9,7,3,Stewjon
2024-07-11 09:43:16,928,stormtrooper,resistance,6,7,9,3,Umbara
2024-07-11 09:43:15,929,at-st,resistance,1,1,5,5,Mirial
2024-07-11 09:43:14,930,tie_fighter,empire,9,4,8,7,Cerea
2024-07-11 09:43:13,931,tie_silencer,resistance,7,7,10,1,Dathomir
2024-07-11 09:43:12,932,stormtrooper,empire,5,3,4,8,Alderaan
2024-07-11 09:43:11,933,at-at,resistance,7,9,5,10,Shili
2024-07-11 09:43:10,934,unknown,resistance,10,4,2,4,Alderaan
2024-07-11 09:43:09,935,x-wing,resistance,5,6,9,10,Naboo
2024-07-11 09:43:08,936,tie_fighter,resistance,1,9,3,3,Mon Cala
2024-07-11 09:43:07,937,unknown,resistance,2,9,9,7,Iktotch
2024-07-11 09:43:06,938,unknown,empire,2,9,1,9,Trandosha
2024-07-11 09:43:05,939,tie_fighter,empire,3,6,2,2,Corellia
2024-07-11 09:43:04,940,resistance_soldier,resistance,6,4,1,1,Serenno
2024-07-11 09:43:03,941,at-st,resistance,9,2,5,9,Tund
2024-07-11 09:43:02,942,at-st,empire,1,4,5,9,Iridonia
2024-07-11 09:43:01,943,x-wing,resistance,7,4,5,8,Cerea
2024-07-11 09:43:00,944,x-wing,resistance,8,10,3,6,Quermia
2024-07-11 09:42:59,945,tie_silencer,empire,1,8,9,7,Rodia
2024-07-11 09:42:58,946,at-at,empire,6,4,4,4,Iktotch
2024-07-11 09:42:57,947,stormtrooper,resistance,4,5,9,1,Kashyyyk
2024-07-11 09:42:56,948,at-st,empire,2,8,8,10,Shili
2024-07-11 09:42:55,949,at-at,resistance,3,7,4,5,Ojom
2024-07-11 09:42:54,950,tie_fighter,empire,6,8,1,9,Iridonia
2024-07-11 09:42:53,951,at-st,resistance,2,4,3,8,Socorro
2024-07-11 09:42:52,952,unknown,resistance,4,5,10,7,Ojom
2024-07-11 09:42:51,953,tie_silencer,empire,3,7,3,7,Alderaan
2024-07-11 09:42:50,954,tie_silencer,empire,4,4,2,10,Tund
2024-07-11 09:42:49,955,stormtrooper,resistance,1,8,3,10,Tund
2024-07-11 09:42:48,956,at-st,empire,10,1,2,9,Shili
2024-07-11 09:42:47,957,at-st,resistance,2,10,10,6,Tatooine
2024-07-11 09:42:46,958,tie_silencer,resistance,2,3,8,9,Ryloth
2024-07-11 09:42:45,959,at-at,resistance,8,2,5,2,Serenno
2024-07-11 09:42:44,960,stormtrooper,resistance,7,5,2,1,Iridonia
2024-07-11 09:42:43,961,resistance_soldier,empire,6,6,6,1,Muunilinst
2024-07-11 09:42:42,962,tie_fighter,resistance,5,5,1,3,Glee Anselm
2024-07-11 09:42:41,963,stormtrooper,resistance,9,4,4,1,Dagobah
2024-07-11 09:42:40,964,x-wing,resistance,6,3,5,6,Muunilinst
2024-07-11 09:42:39,965,unknown,empire,2,6,2,5,Mirial
2024-07-11 09:42:38,966,x-wing,empire,3,9,8,7,Iktotch
2024-07-11 09:42:37,967,tie_fighter,empire,9,2,8,9,Sullust
2024-07-11 09:42:36,968,at-at,empire,2,10,5,10,Troiken
2024-07-11 09:42:35,969,resistance_soldier,empire,4,6,3,1,Ojom
2024-07-11 09:42:34,970,stormtrooper,resistance,10,10,1,10,Serenno
2024-07-11 09:42:33,971,unknown,resistance,6,7,2,8,Troiken
2024-07-11 09:42:32,972,tie_silencer,empire,7,2,1,3,Sullust
2024-07-11 09:42:31,973,at-st,empire,1,6,2,10,Champala
2024-07-11 09:42:30,974,tie_fighter,resistance,5,1,1,7,Mirial
2024-07-11 09:42:29,975,unknown,empire,9,4,3,1,Vulpter
2024-07-11 09:42:28,976,x-wing,resistance,6,4,5,10,Tatooine
2024-07-11 09:42:27,977,at-at,resistance,2,10,4,6,Dathomir
2024-07-11 09:42:26,978,at-at,resistance,10,1,3,5,Tholoth
2024-07-11 09:42:25,979,tie_silencer,empire,3,4,6,2,Toydaria
2024-07-11 09:42:24,980,at-at,resistance,6,5,4,10,Mirial
2024-07-11 09:42:23,981,at-st,resistance,3,9,8,1,Champala
2024-07-11 09:42:22,982,at-at,empire,3,9,5,4,Kalee
2024-07-11 09:42:21,983,at-at,empire,1,8,7,3,Dagobah
2024-07-11 09:42:20,984,x-wing,resistance,6,2,1,1,Eriadu
2024-07-11 09:42:19,985,resistance_soldier,empire,7,6,4,4,Mirial
2024-07-11 09:42:18,986,tie_fighter,resistance,9,8,6,9,Dorin
2024-07-11 09:42:17,987,tie_fighter,empire,9,7,10,10,Quermia
2024-07-11 09:42:16,988,tie_fighter,resistance,5,10,7,7,Bestine IV
2024-07-11 09:42:15,989,at-at,resistance,1,4,4,5,Trandosha
2024-07-11 09:42:14,990,stormtrooper,resistance,4,8,2,2,Stewjon
2024-07-11 09:42:13,991,at-st,resistance,8,6,8,10,Muunilinst
2024-07-11 09:42:12,992,x-wing,empire,5,7,2,6,Toydaria
2024-07-11 09:42:11,993,tie_fighter,empire,8,10,1,6,Champala
2024-07-11 09:42:10,994,resistance_soldier,empire,1,4,5,3,Socorro
2024-07-11 09:42:09,995,tie_fighter,resistance,10,10,7,8,Trandosha
2024-07-11 09:42:08,996,tie_silencer,empire,3,10,7,2,Ryloth
2024-07-11 09:42:07,997,x-wing,resistance,1,8,8,6,Muunilinst
2024-07-11 09:42:06,998,at-st,resistance,8,6,9,3,Bestine IV
2024-07-11 09:42:05,999,tie_silencer,empire,6,4,4,10,Aleen Minor
2024-07-11 09:42:04,1000,resistance_soldier,resistance,6,5,4,8,Cerea
